---
- name: "Amsterdam"
  slug: "amsterdam"
  state_code: "NH"
  country_code: "NL"
  latitude: 52.3676
  longitude: 4.9041
  aliases:
    - ams
    - adam

- name: "Atlanta"
  slug: "atlanta"
  state_code: "GA"
  country_code: "US"
  latitude: 33.7501
  longitude: -84.3885
  aliases:
    - atl

- name: "Auckland"
  slug: "auckland"
  state_code: "Auckland"
  country_code: "NZ"
  latitude: -36.8509
  longitude: 174.7645
  aliases:
    - akl

- name: "Austin"
  slug: "austin"
  state_code: "TX"
  country_code: "US"
  latitude: 30.2672
  longitude: -97.7431
  aliases:
    - aus
    - atx

- name: "Bangkok"
  slug: "bangkok"
  state_code: "Bangkok"
  country_code: "TH"
  latitude: 13.7563
  longitude: 100.5018
  aliases:
    - bkk

- name: "Basel"
  slug: "basel"
  state_code: "BS"
  country_code: "CH"
  latitude: 47.5596
  longitude: 7.5886
  aliases:
    - bsl

- name: "Barcelona"
  slug: "barcelona"
  state_code: "CT"
  country_code: "ES"
  latitude: 41.3874
  longitude: 2.1686
  aliases:
    - bcn
    - barna

- name: "Berlin"
  slug: "berlin"
  state_code: "BE"
  country_code: "DE"
  latitude: 52.52
  longitude: 13.405
  aliases:
    - ber

- name: "Birmingham"
  slug: "birmingham"
  state_code: "ENG"
  country_code: "GB"
  latitude: 52.4823
  longitude: -1.89
  aliases:
    - brum

- name: "Boston"
  slug: "boston"
  state_code: "MA"
  country_code: "US"
  latitude: 42.3555
  longitude: -71.0565
  aliases:
    - bos

- name: "Brighton"
  slug: "brighton"
  state_code: "ENG"
  country_code: "GB"
  latitude: 50.8225
  longitude: -0.1372

- name: "Brussels"
  slug: "brussels"
  state_code: "BRU"
  country_code: "BE"
  latitude: 50.8260
  longitude: 4.3802
  aliases:
    - bru
    - bruxelles
    - brussel

- name: "Budapest"
  slug: "budapest"
  state_code:
  country_code: "HU"
  latitude: 47.4979
  longitude: 19.0402
  aliases:
    - bud

- name: "Buenos Aires"
  slug: "buenos-aires"
  state_code: "Buenos Aires"
  country_code: "AR"
  latitude: -34.6037
  longitude: -58.3821
  aliases:
    - ba
    - bsas

- name: "Chicago"
  slug: "chicago"
  state_code: "IL"
  country_code: "US"
  latitude: 41.8781
  longitude: -87.6298
  aliases:
    - chi
    - chi-town
    - chitown

- name: "Copenhagen"
  slug: "copenhagen"
  state_code:
  country_code: "DK"
  latitude: 55.6761
  longitude: 12.5683
  aliases:
    - cph
    - kobenhavn
    - københavn

- name: "Dallas"
  slug: "dallas"
  state_code: "TX"
  country_code: "US"
  latitude: 32.7767
  longitude: -96.797
  aliases:
    - dfw
    - dallas-fort worth
    - fort worth

- name: "Denver"
  slug: "denver"
  state_code: "CO"
  country_code: "US"
  latitude: 39.7392
  longitude: -104.9903
  aliases:
    - den

- name: "Detroit"
  slug: "detroit"
  state_code: "MI"
  country_code: "US"
  latitude: 42.3297
  longitude: -83.0425
  aliases:
    - det

- name: "Edinburgh"
  slug: "edinburgh"
  state_code: "SCT"
  country_code: "GB"
  latitude: 55.9533
  longitude: -3.1883
  aliases:
    - edin

- name: "Geneva"
  slug: "geneva"
  state_code: "GE"
  country_code: "CH"
  latitude: 46.2044
  longitude: 6.1432
  aliases:
    - gva
    - geneve
    - genève

- name: "Helsinki"
  slug: "helsinki"
  state_code: "Uusimaa"
  country_code: "FI"
  latitude: 60.1699
  longitude: 24.9384
  aliases:
    - hel

- name: "Hong Kong"
  slug: "hong-kong"
  state_code:
  country_code: "HK"
  latitude: 22.3193
  longitude: 114.1694
  aliases:
    - hk
    - hongkong

- name: "Houston"
  slug: "houston"
  state_code: "TX"
  country_code: "US"
  latitude: 29.7601
  longitude: -95.3701
  aliases:
    - hou

- name: "Krakow"
  slug: "krakow"
  state_code: "Lesser Poland Voivodeship"
  country_code: "PL"
  latitude: 50.0647
  longitude: 19.9450
  aliases:
    - krk
    - kraków
    - cracow

- name: "Kuala Lumpur"
  slug: "kuala-lumpur"
  state_code: "Federal Territory of Kuala Lumpur"
  country_code: "MY"
  latitude: 3.1319
  longitude: 101.6841
  aliases:
    - kl

- name: "Las Vegas"
  slug: "las-vegas"
  state_code: "NV"
  country_code: "US"
  latitude: 36.1716
  longitude: -115.1391
  aliases:
    - vegas
    - lv

- name: "Lisbon"
  slug: "lisbon"
  state_code: "Lisbon"
  country_code: "PT"
  latitude: 38.7223
  longitude: -9.1393
  aliases:
    - lis
    - lisboa

- name: "London"
  slug: "london"
  state_code: "ENG"
  country_code: "GB"
  latitude: 51.5074
  longitude: -0.1278
  aliases:
    - ldn
    - lon

- name: "Los Angeles"
  slug: "los-angeles"
  state_code: "CA"
  country_code: "US"
  latitude: 34.0549
  longitude: -118.2426
  aliases:
    - la

- name: "Madrid"
  slug: "madrid"
  state_code: "MD"
  country_code: "ES"
  latitude: 40.4167
  longitude: -3.7033
  aliases:
    - mad

- name: "Manchester"
  slug: "manchester"
  state_code: "ENG"
  country_code: "GB"
  latitude: 53.4808
  longitude: -2.2426
  aliases:
    - manc

- name: "Melbourne"
  slug: "melbourne"
  state_code: "VIC"
  country_code: "AU"
  latitude: -37.8136
  longitude: 144.9631
  aliases:
    - mel
    - melb

- name: "Mexico City"
  slug: "mexico-city"
  state_code: "CDMX"
  country_code: "MX"
  latitude: 19.4326
  longitude: -99.1332
  aliases:
    - cdmx
    - df
    - ciudad de mexico

- name: "Miami"
  slug: "miami"
  state_code: "FL"
  country_code: "US"
  latitude: 25.7617
  longitude: -80.1918
  aliases:
    - mia

- name: "Minneapolis"
  slug: "minneapolis"
  state_code: "MN"
  country_code: "US"
  latitude: 44.9778
  longitude: -93.265
  aliases:
    - msp
    - twin cities
    - st paul

- name: "Montreal"
  slug: "montreal"
  state_code: "QC"
  country_code: "CA"
  latitude: 45.5019
  longitude: -73.5674
  aliases:
    - mtl
    - yul
    - montréal

- name: "Munich"
  slug: "munich"
  state_code: "BY"
  country_code: "DE"
  latitude: 48.1351
  longitude: 11.5820
  aliases:
    - muc
    - munchen
    - münchen

- name: "New Orleans"
  slug: "new-orleans"
  state_code: "LA"
  country_code: "US"
  latitude: 29.9509
  longitude: -90.0758
  aliases:
    - nola

- name: "New York"
  slug: "new-york"
  state_code: "NY"
  country_code: "US"
  latitude: 40.7128
  longitude: -74.006
  aliases:
    - nyc
    - ny
    - new york city
    - manhattan

- name: "Osaka"
  slug: "osaka"
  state_code: "Osaka"
  country_code: "JP"
  latitude: 34.6937
  longitude: 135.5023
  aliases:
    - osa

- name: "Paris"
  slug: "paris"
  state_code: "IDF"
  country_code: "FR"
  latitude: 48.8566
  longitude: 2.3522
  aliases:
    - par

- name: "Philadelphia"
  slug: "philadelphia"
  state_code: "PA"
  country_code: "US"
  latitude: 39.9526
  longitude: -75.1652
  aliases:
    - philly
    - phl

- name: "Portland"
  slug: "portland"
  state_code: "OR"
  country_code: "US"
  latitude: 45.5152
  longitude: -122.6784
  aliases:
    - pdx

- name: "Prague"
  slug: "prague"
  state_code: "Prague"
  country_code: "CZ"
  latitude: 50.0755
  longitude: 14.4378
  aliases:
    - prg
    - praha

- name: "Rio de Janeiro"
  slug: "rio-de-janeiro"
  state_code: "RJ"
  country_code: "BR"
  latitude: -22.9068
  longitude: -43.1729
  aliases:
    - rio

- name: "Salt Lake City"
  slug: "salt-lake-city"
  state_code: "UT"
  country_code: "US"
  latitude: 40.7608
  longitude: -111.891
  aliases:
    - slc
    - salt lake

- name: "San Francisco"
  slug: "san-francisco"
  state_code: "CA"
  country_code: "US"
  latitude: 37.7749
  longitude: -122.4194
  aliases:
    - sf
    - bay area

- name: "São Paulo"
  slug: "sao-paulo"
  state_code: "SP"
  country_code: "BR"
  latitude: -23.5558
  longitude: -46.6396
  aliases:
    - sp
    - sampa
    - sao paulo

- name: "Seattle"
  slug: "seattle"
  state_code: "WA"
  country_code: "US"
  latitude: 47.6062
  longitude: -122.3321
  aliases:
    - sea

- name: "Singapore"
  slug: "singapore"
  state_code:
  country_code: "SG"
  latitude: 1.3521
  longitude: 103.8198
  aliases:
    - sg
    - sgp

- name: "Stockholm"
  slug: "stockholm"
  state_code: "Stockholm County"
  country_code: "SE"
  latitude: 59.3327
  longitude: 18.0656
  aliases:
    - sto
    - sthlm

- name: "Sydney"
  slug: "sydney"
  state_code: "NSW"
  country_code: "AU"
  latitude: -33.8688
  longitude: 151.2093
  aliases:
    - syd

- name: "Taipei"
  slug: "taipei"
  state_code: "TPE"
  country_code: "TW"
  latitude: 25.0330
  longitude: 121.5654
  aliases:
    - tpe

- name: "Tokyo"
  slug: "tokyo"
  state_code: "Tokyo"
  country_code: "JP"
  latitude: 35.6762
  longitude: 139.6503
  aliases:
    - tyo

- name: "Shibuya"
  slug: "shibuya"
  state_code: "Tokyo"
  country_code: "JP"
  latitude: 35.6619707
  longitude: 139.703795

- name: "Toronto"
  slug: "toronto"
  state_code: "ON"
  country_code: "CA"
  latitude: 43.6548
  longitude: -79.3884
  aliases:
    - yyz

- name: "Vancouver"
  slug: "vancouver"
  state_code: "BC"
  country_code: "CA"
  latitude: 49.2827
  longitude: -123.1207
  aliases:
    - yvr
    - van

- name: "Vienna"
  slug: "vienna"
  state_code:
  country_code: "AT"
  latitude: 48.2081
  longitude: 16.3713
  aliases:
    - vie
    - wien

- name: "Warsaw"
  slug: "warsaw"
  state_code:
  country_code: "PL"
  latitude: 52.2297
  longitude: 21.0122
  aliases:
    - waw
    - warszawa

- name: "Washington"
  slug: "washington"
  state_code: "DC"
  country_code: "US"
  latitude: 38.9073
  longitude: -77.0369
  aliases:
    - dc
    - washington dc
    - washington d.c.
    - dmv

- name: "Zurich"
  slug: "zurich"
  state_code:
  country_code: "CH"
  latitude: 47.3769
  longitude: 8.5417
  aliases:
    - zrh
    - zürich
